#,Player,TEAM,GP,MIN,PTS,FGM,FGA,FG%,3PM,3PA,3P%,FTM,FTA,FT%,OREB,DREB,REB,AST,STL,BLK,TOV,EFF
1,Shai Gilgeous-Alexander,OKC,40,34.3,31.6,11.2,21.1,53.1,2,5.8,35.2,7.2,8,89.7,0.8,4.6,5.4,6,2,1.1,2.7,32.8
2,Giannis Antetokounmpo,MIL,34,34.8,31.4,12.5,20.9,60.1,0.1,0.8,15.4,6.2,10.6,58.7,2.2,9.7,11.9,6,0.8,1.4,3.6,35.2
3,Nikola Jokić,DEN,35,36.7,30.4,11.6,20.7,55.8,2.1,4.5,47.1,5.2,6.4,80.4,3.5,9.7,13.1,9.9,1.8,0.5,3.1,42.2
4,LaMelo Ball,CHA,27,34.1,29.5,10.2,24.2,42.2,4.3,12.9,33,4.8,5.7,83.8,1,4.3,5.3,7.5,1.4,0.3,3.9,25.2
5,Jayson Tatum,BOS,38,36.3,27.8,9.3,20.2,46.2,3.7,10.3,36.1,5.4,6.8,79.6,0.7,8.6,9.3,5.3,1.3,0.5,2.8,29.2
6,Kevin Durant,PHX,30,36.1,27.1,9.8,18.7,52.3,2.1,5.6,37.9,5.4,6.5,83.2,0.5,5.9,6.4,4.2,0.8,1.3,3.2,26.5
7,De'Aaron Fox,SAC,38,37.2,26.3,9.7,20.2,48.2,2.1,6.3,32.8,4.8,5.9,81.2,1.1,4,5.2,6.1,1.6,0.4,3.3,24.7
8,Anthony Edwards,MIN,41,36.6,26.1,9,20.2,44.5,4.3,10,42.9,3.8,4.6,84,0.7,5.2,5.9,4.2,1.2,0.5,3.4,22.7
9,Tyrese Maxey,PHI,32,37.7,26,8.9,21.2,42.1,3.2,9.5,33.2,5,5.9,84.7,0.3,3.2,3.5,5.8,2.1,0.4,2.5,22.1
10,Jalen Brunson,NYK,42,35.2,26,8.9,18.4,48.4,2.3,6,38.9,5.8,7,82.8,0.5,2.5,3,7.4,0.9,0,2.4,24.2
11,Anthony Davis,LAL,36,34.9,25.8,9.4,18.1,52.3,0.8,2.3,32.1,6.2,7.9,78,2.8,9.1,11.9,3.5,1.3,2.1,2.3,32
12,Devin Booker,PHX,35,36.7,25.5,8.2,18.7,43.9,2.8,7.9,34.9,6.3,7,89.4,1.1,2.9,3.9,6.8,1.2,0.3,2.4,24.1
13,Karl-Anthony Towns,NYK,38,34.7,25.4,9.1,16.4,55,2.2,4.9,44.9,5.1,6.1,83.6,3,10.9,13.9,3.3,1,0.8,2.6,33.4
14,Damian Lillard,MIL,33,36,25,7.7,17.2,45.1,3.5,8.8,39.3,6.1,6.6,91.8,0.5,3.8,4.4,7.2,1.3,0.2,2.8,25.2
15,Victor Wembanyama,SAS,35,33.2,24.5,9,18.9,47.4,3.2,9.1,35.3,3.4,3.9,86.8,1.8,9,10.8,3.7,1.1,4.1,3.5,30.3
16,Cade Cunningham,DET,37,35.6,24.4,9.2,20.1,45.6,2.4,6.5,37.5,3.6,4.5,80.4,0.9,5.6,6.5,9.4,0.9,0.8,4.4,25.8
17,Tyler Herro,MIA,40,35.4,24.2,8.4,17.6,47.7,4,9.7,40.6,3.5,4.1,86.4,0.3,5.4,5.7,5,0.7,0.1,2.4,23.5
18,Kyrie Irving,DAL,32,35.5,23.9,8.8,18.3,48.1,3,6.9,43.2,3.3,3.7,89.7,1,3.5,4.6,4.8,1.3,0.4,2.3,22.8
19,LeBron James,LAL,36,34.9,23.8,9.2,17.8,51.6,2.3,5.7,40.2,3.2,4.2,75.5,0.9,6.6,7.5,8.8,0.8,0.6,3.8,28.1
20,Norman Powell,LAC,33,32.6,23.7,8.2,16.6,49.2,3.6,7.9,45.2,3.8,4.6,82.9,0.3,3.1,3.5,2.3,1.3,0.2,2.1,19.5
21,Zach LaVine,CHI,37,33.9,23.6,8.6,16.8,51.4,3.2,7.1,45.6,3.1,3.9,81.1,0.3,4.6,4.9,4.6,0.9,0.2,2.9,22.5
22,Jaylen Brown,BOS,34,35.5,23.3,8.5,18.7,45.4,2,6.3,32.4,4.3,5.6,76.3,1.4,4.5,5.9,4.8,1.3,0.3,2.8,21.3
23,Trae Young,ATL,37,35.8,23.1,6.9,17.3,40.2,2.9,8.5,34.5,6.2,7.2,86.8,0.5,2.9,3.4,11.9,1.3,0.2,4.3,24.3
24,Stephen Curry,GSW,32,31.7,22.9,7.6,17,44.9,4.4,10.7,41.6,3.3,3.5,93.7,0.5,4.5,5,6.2,1.2,0.5,3.1,23.1
25,Donovan Mitchell,CLE,38,31.1,22.7,8,18,44.6,3.7,9,40.6,3,3.7,82.1,0.6,3.9,4.4,4.4,1.4,0.2,2,20.6
26,Jaren Jackson Jr.,MEM,40,29.3,22.6,8.2,16.8,49,1.8,5.2,34.4,4.3,5.6,77.6,1.5,4.8,6.3,2.1,1.5,1.7,2.3,22
27,RJ Barrett,TOR,34,33.6,22.4,8.3,18,46.2,1.8,5.6,32.8,4,5.8,68.9,1,5.6,6.6,6,0.8,0.4,3.2,21.5
28,Jalen Green,HOU,40,32.9,21.5,7.5,17.2,43.4,2.9,8.1,35.7,3.7,4.2,87.5,0.6,3.8,4.4,2.7,1,0.4,2.4,17.3
29,DeMar DeRozan,SAC,36,35.7,21.5,8,16.6,48.1,0.8,2.5,33,4.6,5.4,86.5,0.5,3.2,3.8,3.9,1.2,0.4,1.5,19.9
30,James Harden,LAC,38,33.4,21.4,6.3,15.7,39.8,2.8,8.1,34.6,6.1,6.9,88.5,0.6,5.3,5.8,8,1.4,0.6,4.6,22.5
31,Jordan Poole,WAS,32,30.8,21.4,6.9,16,43.1,3.6,8.9,40,4,4.7,85.3,0.4,2.5,2.9,4.8,1.6,0.5,3.6,17.7
32,Brandon Miller,CHA,27,34.2,21,7.3,18.2,40.3,3.9,10.9,35.5,2.5,2.9,86.1,0.9,3.9,4.9,3.6,1.1,0.7,2.8,17.3
33,Darius Garland,CLE,39,30.1,21,7.5,15,50.2,2.9,6.8,42.1,3.1,3.4,90.2,0.5,2,2.5,6.8,1.1,0.2,2.4,21.3
34,Nikola Vučević,CHI,41,32.2,20.6,8.4,15,56.1,2,4.7,42,1.7,2.1,80.7,2.4,8,10.4,3.3,0.8,0.6,1.6,27.1
35,Jalen Williams,OKC,41,32.4,20.6,8,16.9,47.5,1.7,5,33.8,2.9,3.7,78.1,0.8,4.9,5.7,5.2,1.8,0.7,2.3,21.9
36,Domantas Sabonis,SAC,38,36.1,20.6,8.1,13.5,60,1.1,2.4,47.8,3.2,4.2,77.2,3.9,10.2,14.1,6.3,0.7,0.5,2.9,32.9
37,Pascal Siakam,IND,42,33.3,20.1,7.8,14.9,52.3,1.8,4.4,41,2.7,3.6,75.5,1.7,5.7,7.3,3.4,0.9,0.3,1.3,22.8
38,Jamal Murray,DEN,35,35.8,20.1,7.4,16.3,45.3,2.2,5.7,38.8,3.1,3.7,85.9,0.5,3.5,4,6.1,1.5,0.6,2.3,20.6
39,Lauri Markkanen,UTA,31,31.7,20.1,6.3,14.8,42.8,3.1,8.4,36.5,4.4,5,88.3,1.7,4.4,6.1,1.9,0.8,0.3,1.4,18.8
40,Jalen Johnson,ATL,32,36.3,19.8,7.9,15.4,51.2,1.4,4.2,33.1,2.7,3.5,75.2,1.8,8.3,10.1,5.3,1.5,1.1,3,26.4
41,Cameron Johnson,BKN,33,32.5,19.6,6.5,13,49.9,3.2,7.6,42.8,3.4,3.8,89.7,0.8,3.4,4.2,3,0.8,0.5,1.6,19.5
42,Alperen Sengun,HOU,40,31.4,19.3,7.7,15.7,49,0.3,1.5,22,3.6,5,72,3.4,7.1,10.4,5.1,1.4,0.9,2.5,25.1
43,Julius Randle,MIN,41,32.9,19.2,6.7,14,47.7,1.6,4.6,34.6,4.3,5.3,81.5,2,5,7.1,4.4,0.6,0.2,3,20.2
44,Evan Mobley,CLE,38,30.2,18.6,7.1,12.4,57.3,1.2,2.8,42.1,3.2,4.1,77.4,2.1,6.8,8.8,2.9,0.9,1.4,2,24.4
45,Austin Reaves,LAL,34,34.9,18.5,6.2,14.1,44.3,2.6,7.2,36.7,3.4,4.1,82.9,0.9,3.4,4.3,6.1,1.1,0.1,2.4,19.2
46,Coby White,CHI,39,32.8,18.5,6.3,14.4,43.8,3.1,8.4,36.5,2.8,3.2,88.8,0.4,3.1,3.4,4.8,1.1,0.2,2.4,17.1
47,Collin Sexton,UTA,39,28.9,18.3,6.6,13.7,48,1.9,4.6,41.6,3.3,3.6,90.1,0.9,1.9,2.8,4,0.7,0.1,2.5,16
48,Michael Porter Jr.,DEN,41,33.7,18.3,6.9,13.5,51.4,2.6,6.3,41.2,1.9,2.6,71,1.5,5,6.5,2.4,0.7,0.4,1.4,19.6
49,Anfernee Simons,POR,37,31.9,18.2,6.5,15.4,42,2.9,8.1,35.8,2.3,2.5,91.4,0.3,2.4,2.6,5,0.9,0.1,2.3,15.2
50,Shaedon Sharpe,POR,32,31.6,18.2,6.8,15,45.4,1.9,6.2,31.2,2.6,3.3,79.8,0.7,3,3.7,2.8,0.9,0.3,1.9,15.1
51,Tyrese Haliburton,IND,41,34.5,18.1,6.2,13.9,44.6,2.9,8,36,2.8,3.3,85.9,0.6,3,3.6,8.8,1.3,0.6,1.8,22.4
52,Mikal Bridges,NYK,43,39,17.9,7.3,15,48.9,2.4,6.9,35.1,0.8,1.1,71.4,0.9,2.2,3.2,3.2,1,0.5,1.5,16.3
53,Jaden Ivey,DET,30,29.9,17.6,6.3,13.8,46,2.1,5.1,40.9,2.8,3.9,73.3,1.3,2.8,4.1,4,0.9,0.4,3,15.6
54,Bradley Beal,PHX,29,33,17.5,6.8,14.1,48.5,2.1,5.4,38.5,1.8,2.3,75,0.7,2.9,3.6,3.3,1.1,0.7,1.9,16.4
55,Malik Monk,SAC,33,31.4,17.5,6.2,14.2,43.8,2.4,7.1,33.9,2.6,2.9,88.5,0.4,3.4,3.7,5.5,1,0.5,1.9,17.9
56,Desmond Bane,MEM,33,29.4,17.3,6.5,13.2,49,2.2,5.8,37,2.2,2.6,85.9,0.8,4.8,5.6,5.2,1.3,0.5,2.6,20.3
57,Andrew Wiggins,GSW,34,29.4,16.8,5.9,13,45.1,2.1,5.5,39,2.9,3.7,79.2,1.5,2.9,4.4,2.3,0.9,0.8,1.3,15.9
58,Jonathan Kuminga,GSW,32,26,16.8,6.1,13.2,45.9,1.3,3.6,34.5,3.4,5.3,63.9,1.4,3.6,5,2.2,0.9,0.6,1.6,14.8
59,Bennedict Mathurin,IND,41,32.8,16.5,5.8,12.5,46.3,1.5,4.2,36.4,3.4,4.1,81.7,1.2,4.8,6,2,0.6,0.4,2,16
60,Jalen Suggs,ORL,34,29,16.4,5.7,13.9,41,2.2,7,31.2,2.9,3.1,90.7,0.7,3.4,4.1,3.7,1.5,1,2.9,15.3
61,Keyonte George,UTA,30,31.3,16.3,5.5,13.9,39.8,2.8,7.9,35.6,2.5,3.1,78.7,0.5,2.9,3.4,5.6,0.8,0.2,3.1,14.2
62,Malik Beasley,DET,41,28.2,16.1,5.7,13.5,42,3.7,9.3,39.8,1.1,1.6,68.7,0.5,2.5,3,1.9,0.9,0,1.1,12.5
63,Gradey Dick,TOR,36,30.5,16.1,5.5,13.4,40.9,2.3,6.8,34.6,2.8,3.1,90.1,0.8,2.6,3.4,2.1,0.9,0.2,1.6,12.8
64,Derrick White,BOS,39,33.6,16.1,5.5,12.6,43.8,3.3,8.8,37.2,1.7,2.1,82.5,0.9,3.3,4.3,4.2,0.9,1.2,1.7,17.5
65,OG Anunoby,NYK,43,36.6,16,6.1,12.9,47.2,2,5.9,34.5,1.9,2.4,79.4,1.3,3.5,4.8,2,1.3,0.9,1.4,16.3
66,Bam Adebayo,MIA,39,34,15.9,6.1,13.4,45.6,0.7,2.5,28.3,3,4.1,72,2.3,7.3,9.7,4.6,1.5,0.8,2.1,21.9
67,Myles Turner,IND,39,31.3,15.4,5.6,11.3,49.1,2.1,5.1,40.4,2.2,3,73.5,1.4,5.6,6.9,1.5,0.8,2,2,18.1
68,Dennis Schröder,GSW,38,31.3,15.2,5.3,12.8,41.7,2.1,5.9,35,2.4,2.8,86.1,0.3,2.3,2.6,5.8,1,0.2,2.4,14.5
69,Fred VanVleet,HOU,37,35.6,15,5.2,13.5,38.8,2.5,7.6,32.9,2,2.5,81.3,0.7,3.4,4.1,6.1,1.7,0.5,1.5,17.1
69,Jerami Grant,POR,29,32.7,15,4.9,12.7,38.2,2.4,6.4,38.2,2.8,3.4,82,0.5,3.1,3.6,2.3,0.9,1,1.4,12.9
71,Ivica Zubac,LAC,40,31.8,14.9,6.7,10.8,61.7,0,0,0,1.6,2.9,54.8,3.7,8.8,12.5,2.6,0.7,1.2,1.8,24.6
72,Jakob Poeltl,TOR,37,31.8,14.8,6.5,10.6,61.1,0,0.1,0,1.9,2.9,63.9,3.7,6.9,10.6,2.6,1.2,1.2,2,23.2
73,Payton Pritchard,BOS,41,27.7,14.5,5,10.7,46.8,3.3,8,41.5,1.1,1.3,83,1.4,2.1,3.5,3.3,0.9,0.1,1,15.4
74,Josh Hart,NYK,42,37.8,14.2,5.3,9.5,55.6,1.3,3.5,36.3,2.3,2.8,81.4,2.2,7.4,9.5,5.5,1.5,0.4,2,24.4
75,Jarrett Allen,CLE,40,28.8,14.1,5.8,8.1,71,0,0,0,2.6,3.5,73.8,2.6,7.5,10.1,1.9,1,0.9,1,23.7
76,Deni Avdija,POR,38,28,14,4.7,10.3,45.8,1.5,4.2,35.6,3.1,3.9,78.4,1.3,5,6.3,3.3,1,0.6,2.4,16.3
77,Klay Thompson,DAL,37,27.5,13.7,4.9,12,41.1,3,7.8,37.9,0.9,1,91.9,0.6,2.8,3.4,2,0.9,0.4,1.4,12
78,Christian Braun,DEN,40,32.9,13.6,5.4,9.5,56.6,0.9,2.5,37,2,2.5,80.6,1.2,3.5,4.6,1.9,1.1,0.6,1,16.2
79,Bobby Portis,MIL,39,24.9,13.5,5.5,11.7,47,1.3,3.6,37.4,1.2,1.4,81.8,1.7,6.2,7.9,1.9,0.7,0.5,1.3,16.9
80,Deandre Ayton,POR,30,29.6,13.5,6.3,11.2,56.4,0.2,0.9,21.4,0.6,1,61.3,2.8,7.1,9.9,1.4,0.8,1,1.8,19.5
81,Kelly Oubre Jr.,PHI,36,33.3,13.4,5.1,11.3,45.4,1.2,4.3,27.5,2,2.7,74,1.6,4.2,5.8,1.6,1.5,0.5,1.3,14.7
82,Santi Aldama,MEM,36,25.3,13.3,5.2,10.3,50.7,1.8,4.6,39.2,1.1,1.6,73.2,1.6,5.5,7.1,2.8,0.9,0.5,1.1,17.9
83,Tobias Harris,DET,39,32.1,13.2,4.9,11.1,44.8,1.4,4.1,34.8,1.9,2.2,87.2,1,5.4,6.4,2.5,0.8,0.8,1.2,16.2
84,Naz Reid,MIN,41,25,13.2,4.9,10.2,47.4,2,5,39.5,1.5,2,77.8,0.9,4.3,5.2,1.7,0.7,0.8,1.2,14.6
85,Russell Westbrook,DEN,41,27.3,13.1,4.9,10.6,46,1.2,3.7,34,2.1,3.3,64.2,1.3,3.7,5,6.6,1.6,0.6,2.9,17
86,P.J. Washington,DAL,35,32.5,13.1,4.7,10.9,43.2,1.5,4.1,37.5,2.2,2.9,74.5,1.4,6.4,7.8,2.2,1.3,1,1.8,16.6
87,Dillon Brooks,HOU,37,31.9,13,4.7,11.6,40.5,2.3,6.1,37.2,1.3,1.5,86,1.3,2.6,3.9,1.6,0.8,0.2,1,11.4
88,Dyson Daniels,ATL,36,33.4,13,5.5,12.2,45,1.2,3.8,31.6,0.8,1.5,56.6,1.7,3.3,5,3.6,3.1,0.8,1.7,16.4
89,Amen Thompson,HOU,38,29.6,12.8,4.9,8.8,56,0.3,1.3,25,2.6,3.8,69.2,2.6,5.2,7.8,2.4,1.3,1.2,1.9,18.5
90,D'Angelo Russell,BKN,34,25.9,12.6,4.5,10.7,41.6,2,5.8,34.2,1.7,2,86.6,0.2,2.6,2.8,5.2,0.9,0.2,1.7,13.5
91,Buddy Hield,GSW,40,23.6,12.5,4.5,10.7,41.9,2.8,7.4,37.8,0.8,0.8,90.9,0.6,2.8,3.4,1.6,0.9,0.3,1.3,11
92,Keldon Johnson,SAS,37,24.5,12.4,4.6,10.1,46,1.1,3.8,29.1,2.1,2.7,77,1.3,3.8,5,1.5,0.7,0.2,0.9,12.9
93,Bilal Coulibaly,WAS,35,33.4,12.4,4.5,10.6,42.2,1.1,3.7,29,2.4,3.1,77.8,1.4,3.7,5.1,3.4,1.3,0.8,2.1,14.1
94,Ayo Dosunmu,CHI,32,30.5,12.3,4.8,9.8,49.2,1.3,4,31.8,1.4,1.7,80,0.6,3.3,3.9,4.7,0.8,0.4,1.3,15.7
95,Brook Lopez,MIL,40,31.8,12.3,4.7,9.5,48.8,1.9,5.1,36.8,1.1,1.4,76.8,1.1,3.7,4.8,1.7,0.8,1.9,1.1,15.2
96,Rui Hachimura,LAL,34,32.3,12.1,4.5,9.3,48.7,1.5,3.6,41.9,1.5,1.9,78.8,1.7,3.5,5.2,1.6,0.9,0.6,1,14.1
97,Keegan Murray,SAC,38,35.7,12.1,4.6,10.9,42.4,1.9,5.8,32.4,0.9,1.1,85.7,2.2,5.2,7.3,1.4,0.7,0.8,0.9,15
98,Scoot Henderson,POR,33,26.3,11.9,4.1,9.8,41.8,1.3,3.8,33.9,2.4,3.2,76.2,0.7,2.2,2.9,5,1.1,0.2,2.8,12
99,Jabari Smith Jr.,HOU,33,30.9,11.9,4.1,9.5,43.5,1.7,4.8,35.4,2,2.3,86.7,1.8,4.7,6.5,1,0.4,1,0.9,14.2
100,Terry Rozier,MIA,36,28.6,11.8,4.3,10.7,40.4,1.5,5.2,28.5,1.7,1.9,91,0.7,3.4,4.1,2.9,0.6,0.4,1.6,11.7
101,Alexandre Sarr,WAS,35,27.1,11.8,4.5,11,40.6,1.5,4.6,31.7,1.5,2.3,63.8,1.9,4.7,6.6,2.3,0.7,1.6,1.5,14.1
102,Jaylen Wells,MEM,42,26.1,11.8,4.2,9.5,44.1,2,5.1,38.8,1.5,1.8,81.8,1,2.3,3.3,1.6,0.6,0.1,1.1,10.8
103,Jrue Holiday,BOS,35,30.7,11.8,4.3,9.5,44.9,1.8,5.3,34.2,1.4,1.6,89.1,1.2,3.1,4.3,3.9,1,0.4,1.3,14.7
104,Daniel Gafford,DAL,40,20,11.7,4.7,6.7,70.5,0,0,0,2.2,3.3,66.7,2.3,3.7,6,1.2,0.4,1.5,1.2,16.5
105,Stephon Castle,SAS,39,25.1,11.6,4.2,10.4,40.1,1,3.8,25.3,2.3,3.3,70.9,0.7,1.8,2.5,3.6,0.8,0.3,1.8,9.9
106,Jonas Valančiūnas,WAS,39,19.7,11.6,4.8,8.6,56,0.1,0.6,21.7,1.9,2.1,90.2,2.4,5.7,8.1,2.2,0.5,0.7,1.9,17.2
107,Josh Giddey,CHI,38,27.9,11.5,4.4,10.1,43.4,1.2,3.7,32.1,1.5,2.1,74.4,1.5,5.8,7.4,6.7,1.1,0.5,2.7,18.2
108,Tyus Jones,PHX,39,30.1,11.5,4.3,9.1,47.3,2.1,4.9,42,0.8,0.9,86.1,0.6,1.9,2.5,6.1,0.9,0.1,1.3,14.9
109,Julian Champagnie,SAS,40,26.9,11.5,3.9,9.3,42.1,2.5,6.9,36.9,1.1,1.2,89.8,0.8,3.7,4.4,1.3,0.7,0.5,1,11.8
110,Corey Kispert,WAS,34,26.7,11.4,4.2,9.4,44.5,1.9,5.6,34.7,1.1,1.4,84.8,0.5,2.5,3,1.7,0.5,0.2,1.1,10.4
111,Tim Hardaway Jr.,DET,37,28.1,11.3,3.7,8.6,42.9,2.2,5.7,38.4,1.7,2.1,82.9,0.2,1.9,2.1,1.5,0.4,0,0.7,9.4
112,Onyeka Okongwu,ATL,33,23.8,11.2,4.5,8.2,54.6,0.4,1.5,23.5,1.9,2.5,75.9,2.7,4.7,7.4,1.8,0.7,0.8,0.8,16.8
113,Grayson Allen,PHX,31,24.1,11.2,3.6,7.9,45.3,2.5,5.8,42.8,1.6,1.9,84.5,0.5,2.6,3.2,1.8,1,0.3,1.1,11.7
114,Harrison Barnes,SAS,40,28.1,11.2,3.7,7.7,48.2,1.5,3.6,40.7,2.3,2.8,81.4,1.4,2.4,3.8,1.7,0.3,0.2,0.6,12
115,Naji Marshall,DAL,33,24.5,11.1,4.4,8.6,51.1,0.9,2.7,32.2,1.4,1.6,88.5,0.9,2.7,3.6,2.5,1,0.1,1.4,12.4
116,Caris LeVert,CLE,34,24.1,11.1,3.8,8,48,1.7,4,43,1.7,2.4,69.9,0.6,2.3,2.9,3.8,0.9,0.6,1.4,13
117,Donte DiVincenzo,MIN,40,26.4,11,3.7,9.3,39.7,2.6,7,36.9,1,1.3,82,0.6,3.1,3.7,3.6,1.2,0.2,1.8,12
118,Walker Kessler,UTA,32,29.6,10.8,4.7,6.5,72,0.1,0.1,66.7,1.5,2.7,54.7,4.3,7,11.3,1.5,0.5,2.5,1.4,22.2
119,Brandon Boston,NOP,39,23.8,10.6,3.9,9,43.6,1.2,3.3,34.6,1.6,2,81,0.7,2.5,3.2,2.3,1.2,0.2,1.2,10.9
119,Ochai Agbaji,TOR,39,28.9,10.6,4.3,8.4,50.8,1.6,3.9,40.3,0.5,0.7,67.9,0.9,2.8,3.8,1.7,0.8,0.5,0.8,12.3
121,Zaccharie Risacher,ATL,39,23.7,10.5,3.9,9.8,40.3,1.2,4.1,28.1,1.5,2.1,71.3,1.3,2.2,3.5,1.2,0.8,0.5,1.2,8.8
122,Duncan Robinson,MIA,38,23.1,10.4,3.7,9,41.3,2.4,6.4,37,0.7,0.7,89.3,0.3,2,2.3,2.7,0.5,0.1,1,9.7
123,Amir Coffey,LAC,39,25.2,10.4,3.6,7.6,47.3,1.7,3.8,43.3,1.5,1.7,88.2,0.5,2.1,2.6,1.2,0.6,0.1,0.7,9.9
124,Chris Boucher,TOR,37,17.5,10.4,3.8,7.6,49.5,1.4,3.8,35.9,1.5,1.9,78.6,1.4,3.1,4.5,0.6,0.6,0.6,0.6,11.8
125,Quentin Grimes,DAL,40,22.6,10.2,3.6,7.8,46.5,1.7,4.3,39.5,1.3,1.8,75.7,0.7,3.3,4,2.1,0.7,0.2,1.2,11.5
126,Luguentz Dort,OKC,40,29.3,10.2,3.5,8.4,42.2,2.4,5.6,42.7,0.8,0.9,81.1,1.4,3,4.3,1.7,1.1,0.7,0.7,12.3
127,Obi Toppin,IND,39,19.5,10.2,3.9,7.2,54.3,1.2,3.4,35.1,1.2,1.4,80.4,0.7,3.3,4,1.6,0.8,0.4,0.7,12.7
128,T.J. McConnell,IND,41,19.2,10.2,4.6,8.7,53,0.2,0.6,28,0.8,1.1,73.9,0.6,2,2.6,4.5,1.1,0.3,1.5,12.8
129,Ty Jerome,CLE,37,17.5,10.1,3.7,7.3,50.4,1.3,3.2,41.9,1.5,1.6,90,0.7,1.5,2.2,3.4,1.2,0,1.1,12.1
130,Brice Sensabaugh,UTA,31,18.3,10.1,3.6,7.7,47.5,1.9,4.6,40.8,1,1,93.8,0.6,2.1,2.7,1.4,0.5,0.1,1.5,9.3
131,Scotty Pippen Jr.,MEM,42,21.9,10.1,3.8,8,47.3,1.1,3,37.6,1.4,2.1,67.4,0.7,2.6,3.4,4.7,1.2,0.4,1.9,12.9
132,Royce O'Neale,PHX,34,25.8,10.1,3.6,8.1,44.4,2.4,5.7,43,0.5,0.6,77.3,0.9,4.5,5.4,2.3,1,0.6,1.1,13.6
133,Guerschon Yabusele,PHI,39,25.8,10.1,3.6,7.2,50.7,1.5,3.8,39.6,1.3,1.9,68.5,1.9,3.5,5.4,1.9,0.7,0.4,1.3,13.1
134,Rudy Gobert,MIN,41,33.3,10,4,6.1,64.3,0,0,0,2.1,3.3,65.7,3.4,7,10.4,1.7,0.6,1.5,1.4,19.5
135,Nikola Jović,MIA,31,22.9,10,3.4,7.6,44.3,1.4,4,35.8,1.8,2.2,83.8,0.6,3.3,3.9,2.5,0.8,0.3,1,11.9
136,Spencer Dinwiddie,DAL,40,24.4,10,3,7.8,38.9,1.4,4,33.8,2.6,3.1,86.1,0.3,2.2,2.4,3.7,0.9,0.2,1.1,11
137,Jaden McDaniels,MIN,41,30.2,10,4,8.9,44.6,1.3,3.8,33.3,0.8,1.1,75.6,1.5,3.4,4.9,1.6,1.4,0.8,1,12.4
138,Derrick Jones Jr.,LAC,38,23.9,9.8,3.9,7.6,51,0.9,2.7,35,1.1,1.3,80,1.1,2.1,3.2,0.8,1.2,0.3,0.9,10.4
139,Jalen Duren,DET,38,25,9.7,4,5.8,69.9,0,0,0,1.7,2.6,63,3.2,6.3,9.6,2.3,0.6,1.2,1.8,18.8
140,Ziaire Williams,BKN,30,22.7,9.7,3.3,7.9,41.5,1.3,3.8,33,1.9,2.3,81.2,1,3.6,4.7,1.4,1,0.4,1.1,11
141,Nic Claxton,BKN,35,26.2,9.7,4.2,7.7,54.1,0,0.3,8.3,1.3,2.5,52.3,1.9,5.6,7.5,2.1,0.9,1.2,1.1,15.5
142,Gary Trent Jr.,MIL,35,24.5,9.6,3.3,7.6,43.8,2.1,4.9,42.4,0.8,0.9,90.6,0.2,2.1,2.3,0.9,1.1,0,0.6,8.9
143,Toumani Camara,POR,39,31.3,9.6,3.5,8.5,41.8,1.5,4.4,33.9,1,1.3,76.9,2.2,3.2,5.4,2,1.4,0.5,1.4,12.3
144,Goga Bitadze,ORL,36,24.6,9.6,4.1,6.6,61.9,0.1,0.5,10.5,1.4,2.1,68,2.8,5.4,8.2,2.4,0.9,1.6,1.4,18.1
145,Chris Paul,SAS,40,29.2,9.6,3.2,7.7,41.8,1.7,4.8,36.1,1.5,1.5,96.7,0.5,3.7,4.2,8.2,1.4,0.2,1.7,17.4
146,Kevin Porter Jr.,LAC,35,19.5,9.6,3.9,9.2,42.1,0.6,2.5,24.4,1.3,2,63.8,0.6,2.8,3.4,3.3,0.9,0.3,2.1,9.4
147,Jaime Jaquez Jr.,MIA,36,23.7,9.6,3.5,7.9,43.9,0.7,2.2,30.8,1.9,2.7,72.9,1.2,3.5,4.7,2.8,1.3,0.1,1.6,11.6
148,Aaron Wiggins,OKC,41,20.8,9.5,3.7,7.6,49,1.4,3.5,39.9,0.7,0.8,84.8,1,2.5,3.5,1.5,0.8,0.3,0.9,10.7
149,Noah Clowney,BKN,32,22.4,9.5,3.1,7.9,38.9,2,5.4,36.4,1.4,1.6,86.5,0.9,3,3.9,0.9,0.4,0.4,1,9.1
150,Clint Capela,ATL,40,22.8,9.5,4.3,7.4,57.2,0,0,0,1,1.8,52.1,3.2,5.8,9,1.3,0.6,1,0.9,16.3
151,Julian Strawther,DEN,41,21.9,9.4,3.3,7.4,44.6,1.5,4,37.6,1.2,1.5,85,0.3,1.9,2.1,1.4,0.6,0.3,0.8,8.7
152,Miles McBride,NYK,33,23.8,9.3,3.3,7.7,42.4,1.8,4.6,38.8,0.9,1.2,81.6,0.8,1.7,2.5,2.9,0.8,0.2,0.8,10.2
153,Jalen Wilson,BKN,41,26.9,9.3,3.2,8,39.6,1.4,4.4,32.2,1.5,1.7,87.3,1,2.3,3.3,1.7,0.5,0,1.1,8.7
154,Dalton Knecht,LAL,39,21.4,9.3,3.4,7.5,44.9,1.5,4.5,33.3,1,1.3,80,0.6,2.6,3.2,1,0.4,0.1,0.5,9
155,Patrick Williams,CHI,32,26.7,9.3,3.2,8.5,37.7,1.7,4.7,36.2,1.1,1.3,83.7,0.7,3.2,3.8,2.2,0.8,0.7,1.4,9.9
156,Dereck Lively II,DAL,32,24,9.1,3.9,5.5,70.1,0,0,0,1.4,2.2,63.8,3.1,4.8,7.8,2.6,0.5,1.7,1.2,18.2
157,Dalano Banton,POR,31,16,9.1,3.2,7.8,41.2,1.2,3.3,36.9,1.4,2.1,68.8,0.4,1.7,2.1,2.4,0.8,0.5,1.5,8.1
158,Yves Missi,NOP,41,27.1,9.1,3.6,6.4,56.1,0,0,0,1.9,2.9,66.1,3.6,4.5,8.2,1.4,0.6,1.4,1.2,15.7
159,Caleb Martin,PHI,31,30.4,9.1,3.3,7.5,43.5,1.1,2.8,37.9,1.5,2.4,62.2,1.4,3,4.4,2.2,1.1,0.6,1.4,10.9
160,Kentavious Caldwell-Pope,ORL,41,30.2,9,3.1,7.6,41.6,1.5,4.9,31.7,1.2,1.3,92.3,0.3,1.7,2,2,1.6,0.6,0.9,9.7
161,Anthony Black,ORL,39,24.2,8.9,3.1,7.6,40.7,0.6,2.4,23.9,2.2,3,74.1,0.5,2.1,2.7,3.5,0.9,0.6,2.1,9.3
162,Garrison Mathews,ATL,31,19.1,8.9,2.6,6.1,42.1,2.1,5.1,41.5,1.6,1.9,83.1,0.4,1.4,1.7,1.5,0.6,0.3,0.7,8.5
163,Carlton Carrington,WAS,39,30.1,8.8,3.3,8.3,40,1.5,4.6,33.7,0.6,0.8,80.6,0.3,3.9,4.3,4,0.7,0.2,1.6,11.4
164,Isaiah Joe,OKC,39,20.5,8.8,3.1,7.6,41.1,2.2,5.9,37,0.4,0.5,75,0.4,2.1,2.6,1.4,0.8,0.2,0.5,8.6
165,Peyton Watson,DEN,41,24.8,8.8,3.1,6.6,48,0.7,2.1,34.1,1.7,2.3,76.3,0.8,2.7,3.5,1.5,0.9,1.1,0.9,10.8
166,Kevin Huerter,SAC,37,23,8.7,3.3,7.8,42.4,1.6,5.2,30.9,0.5,0.7,72,0.5,2.6,3.1,1.9,1,0.4,0.9,9.5
167,Jay Huff,MEM,37,14.7,8.7,3.1,5.8,52.6,1.6,3.8,41.8,1,1.3,77.1,0.6,1.9,2.5,0.7,0.3,1,0.7,9.5
168,Keon Johnson,BKN,40,21.6,8.7,3.2,8.6,36.8,1.5,4.7,30.7,0.9,1.2,75,0.7,2.6,3.2,1.6,0.9,0.3,1.4,7.6
169,Draymond Green,GSW,33,28.6,8.7,3,7.3,41.7,1.4,3.8,36.2,1.2,2,61.5,1.1,5.1,6.2,5.6,1.1,1.2,2.5,15.1
170,Nickeil Alexander-Walker,MIN,41,22.9,8.6,3.1,6.5,47,1.6,3.9,42.1,0.8,1.1,69.6,0.5,2.2,2.7,2.4,0.7,0.3,1.3,9.6
171,Al Horford,BOS,33,27.3,8.5,3.1,7.3,42.7,2,5.3,36.9,0.3,0.4,83.3,1,4.3,5.3,2.1,0.7,0.9,0.8,12.5
172,Trayce Jackson-Davis,GSW,39,20.3,8.5,3.7,6.5,57.5,0,0,0,1.1,1.7,61.8,2.3,4,6.3,2.2,0.5,0.8,0.9,14
173,Tristan da Silva,ORL,39,25.7,8.5,3.2,7.9,41,1.2,3.9,30.9,0.8,1,81.6,1.3,2.8,4.1,1.7,0.4,0.2,0.9,9.1
174,Cole Anthony,ORL,40,15.9,8.4,3.1,7.6,40.9,0.9,3,30.3,1.3,1.7,76.5,0.6,2.2,2.8,2.7,0.6,0.3,1.6,8.2
175,Georges Niang,CLE,40,20,8.4,3.2,6.8,47.1,1.6,4.3,37.6,0.3,0.4,76.5,0.7,2.9,3.6,1.5,0.3,0.2,1.1,9.1
176,Max Christie,LAL,38,24.1,8.3,2.7,6.1,44,1.2,3.2,35.8,1.8,2.1,85.2,0.6,1.8,2.4,1.3,0.9,0.4,0.8,8.9
177,Jalen Smith,CHI,38,15.2,8.3,3,6.3,47.1,1.2,3.4,33.6,1.2,1.5,80.4,1.5,3.9,5.4,0.9,0.3,0.7,0.6,11.3
178,Jaden Hardy,DAL,34,15.9,8.1,2.9,6.9,42.7,1.3,3.2,39.4,1,1.4,73.9,0.2,1.4,1.6,1.4,0.6,0.1,1.5,6.1
179,Cody Martin,CHA,36,25.5,8.1,3.1,7,44,1.1,3.3,32.8,0.8,1.2,69.8,1,3.5,4.6,2.2,1.2,0.7,1.1,11.3
180,Brandin Podziemski,GSW,30,24.2,8,3.1,7.7,40.4,1,3.5,29.5,0.7,1,73.3,1,3.5,4.5,3.2,1,0.2,1,11
181,Jake LaRavia,MEM,41,22,8,2.7,5.6,49.1,0.9,2.1,43.7,1.6,2.2,71.1,1.4,3,4.5,3.1,0.9,0.5,1.5,11.9
182,AJ Green,MIL,38,21.8,7.9,2.7,5.9,44.7,2.3,5.2,44.2,0.3,0.4,85.7,0.3,2.1,2.3,1.3,0.5,0.1,0.6,8.3
183,Mike Conley,MIN,37,24.4,7.9,2.5,6.8,36,1.7,4.6,37.1,1.2,1.4,88.5,0.5,2.1,2.6,4.2,1.3,0.2,1.1,10.4
184,Moses Moody,GSW,33,16.4,7.8,2.7,6.3,42.8,1.5,3.8,39.2,1,1.3,72.7,0.4,1.4,1.8,0.8,0.5,0.2,0.7,6.5
185,Kyshawn George,WAS,34,25.3,7.7,2.6,7.6,35,1.4,5.1,27.4,1,1.3,77.3,0.9,3,3.9,2.2,0.8,0.6,1.2,8.9
186,Brandon Clarke,MEM,39,18.5,7.5,3.4,5.6,61.3,0,0.4,6.3,0.7,1.1,62.8,1.7,3.3,5,1,0.8,0.5,0.5,11.7
187,Cameron Payne,NYK,37,14.9,7.5,2.7,6.1,44.4,1.6,3.7,42.3,0.5,0.6,86.4,0.3,1.2,1.5,2.5,0.6,0.3,0.7,8.3
188,Ryan Dunn,PHX,36,20.2,7.5,3,6.5,46.6,1.2,3.6,32.3,0.3,0.5,47.4,0.9,2.5,3.4,0.9,0.5,0.7,0.4,8.8
189,Sam Hauser,BOS,34,20.3,7.5,2.7,6.3,43,2,5.4,37.4,0.1,0.1,100,0.7,2.3,3,1.1,0.7,0.2,0.3,8.5
190,Cason Wallace,OKC,40,27.7,7.4,3,6.8,44.6,1,3.1,33.6,0.4,0.4,82.4,1.1,2.4,3.4,2.5,1.7,0.6,0.7,11.2
191,Keon Ellis,SAC,39,21.5,7.4,2.4,5.1,46.7,1.5,3.6,42.9,1.1,1.3,85.7,0.8,1.6,2.4,1.2,1.4,0.7,0.8,9.4
192,Johnny Juzang,UTA,32,17.8,7.3,2.5,5.9,41.8,1.7,4.2,40,0.7,0.8,88,0.6,2.2,2.8,1,0.4,0.2,0.5,7.6
193,Taurean Prince,MIL,40,25.4,7.2,2.6,5.7,45.6,1.7,3.6,45.8,0.4,0.6,77.3,0.6,3.1,3.7,1.8,0.8,0.2,1.1,9.4
194,Haywood Highsmith,MIA,38,25.4,7.1,2.7,5.5,48.6,1.3,3.2,41.5,0.4,0.6,66.7,0.9,2.4,3.3,1.3,1,0.7,0.8,9.5
195,Jared Butler,WAS,30,11.2,7.1,2.8,5.6,49.4,0.5,1.3,37.5,1,1.3,77.5,0.4,0.9,1.3,2.6,0.4,0.2,0.9,7.5
196,Josh Green,CHA,36,28.2,7,2.5,6,41.4,1.4,3.5,40,0.6,1,63.9,1.1,1.8,2.9,1.4,1,0.3,0.9,7.8
197,Vasilije Micić,CHA,27,20.1,6.9,2.5,7.3,34.2,1.1,3.4,33.7,0.8,1,78.6,0.6,1.7,2.3,3.5,0.5,0,1.9,6.3
198,Trey Lyles,SAC,31,20.6,6.9,2.3,5.8,39.4,1.5,4.1,35.2,0.8,1.1,76.5,1.1,3.6,4.7,1,0.6,0.5,0.6,9.3
199,Sam Merrill,CLE,33,18.3,6.7,2.2,5.8,37.8,1.8,5.1,34.3,0.5,0.5,94.4,0.4,1.4,1.8,1.7,0.5,0.2,0.5,6.8
200,Simone Fontecchio,DET,36,18.3,6.7,2.2,5.4,41,1.2,3.3,35.8,1.1,1.3,82.6,0.7,2.3,3,0.9,0.3,0.2,0.9,6.7
201,Jarace Walker,IND,42,17.4,6.6,2.4,5,47.4,1,2.5,40.2,0.8,1.3,64.2,0.4,3,3.5,1.4,1,0.4,1.1,8.6
202,Terance Mann,LAC,28,19.8,6.5,2.5,5.4,46.7,0.8,2,40.4,0.6,0.9,69.2,0.9,2,2.9,1.6,0.9,0.2,0.6,8.3
203,Shake Milton,LAL,33,16.7,6.4,2.3,5.2,45,0.9,2.5,36.6,0.8,1.1,75.7,0.5,1.3,1.8,2.1,0.5,0.1,0.7,7.1
204,Ajay Mitchell,OKC,34,16.5,6.4,2.5,4.9,50.6,0.6,1.5,43.1,0.8,1,84.8,0.5,1.5,2,1.7,0.7,0.1,0.8,7.5
205,Ronald Holland II,DET,41,15.7,6.4,2.5,5.3,47.7,0.4,2,22.2,0.9,1.1,80.9,0.5,2.3,2.8,0.8,0.5,0.1,0.9,6.7
206,Kris Dunn,LAC,40,23.1,6.3,2.6,6.1,42.4,1,3.2,31,0.2,0.3,50,0.7,2.7,3.4,2.8,1.6,0.3,1.2,9.4
207,Jonathan Isaac,ORL,37,17.1,6.3,2.3,5.5,42.1,0.6,2.6,24.7,1,1.6,64.4,1.8,3.1,4.8,0.5,0.8,1.3,0.5,9.4
208,Ben Simmons,BKN,30,25.3,6.3,2.9,5.2,55.5,0,0,0,0.5,0.8,69.6,0.9,4.4,5.3,7.1,0.8,0.5,2.8,14.7
209,Talen Horton-Tucker,CHI,34,12.1,6.2,2.3,4.7,47.8,0.9,2.1,40.3,0.8,1.2,67.5,0.4,1.5,1.9,1.4,0.4,0.2,0.6,6.6
210,Javonte Green,NOP,38,21.7,6.2,2.2,4.7,46.9,0.8,2.1,38.5,1,1.3,77.6,1,2.4,3.4,0.8,1,0.7,0.6,8.8
211,Lindy Waters III,GSW,32,18.7,6.2,2.3,5.8,38.5,1.4,4.2,33.8,0.3,0.3,72.7,0.5,2.3,2.8,1.2,0.6,0.3,0.5,6.8
212,Jeremiah Robinson-Earl,NOP,36,18.6,6.1,2.4,5.2,45.2,0.7,2.3,31,0.7,0.8,86.2,1.9,3,4.9,1.3,0.7,0.1,0.7,9.6
213,Davion Mitchell,TOR,37,24.5,6.1,2.3,5.5,41.7,0.9,2.7,33.3,0.6,0.9,65.7,0.4,1.6,2,4.5,0.7,0.2,1.7,8.3
214,Eric Gordon,PHI,28,17.7,6.1,2,4.8,41.5,1.2,3.2,37.1,0.9,1.2,78.8,0.2,1,1.1,1.1,0.6,0.3,0.7,5.5
215,Kyle Filipowski,UTA,30,17.7,6,2.3,4.6,49.6,0.6,1.9,31,0.9,1.4,60.5,0.9,3.6,4.5,1.8,0.6,0.1,1,9.1
216,Dean Wade,CLE,31,22.7,6,2,4.9,41.4,1.5,4.2,36.2,0.4,0.8,50,0.9,4.2,5.1,1.4,0.8,0.5,0.4,10.2
217,Marcus Sasser,DET,30,13.8,5.8,2.3,4.8,47.6,1,2.5,39.5,0.3,0.3,100,0.4,0.7,1.1,2,0.7,0.1,0.9,6.4
218,Kenrich Williams,OKC,31,13.8,5.8,2.2,4.5,49.6,0.9,2.3,38.6,0.5,0.5,93.3,0.8,2.3,3,1,0.6,0.2,0.5,7.7
219,Isaac Okoro,CLE,28,19.7,5.8,2,4.7,42.7,1.1,2.8,39.7,0.6,0.9,72,0.8,1.3,2.1,1.6,0.7,0.4,0.4,7.2
220,Isaiah Stewart,DET,37,21.1,5.7,2.3,4.5,51.5,0.2,0.9,24.2,0.9,1,88.9,2.2,3.8,6,1.8,0.5,1.3,0.9,12.2
221,Ricky Council IV,PHI,32,13.2,5.7,1.9,4.5,42,0.4,1.8,24.1,1.5,1.8,84.2,0.6,1.5,2.1,0.8,0.2,0.2,0.5,5.6
222,Donovan Clingan,POR,31,16.7,5.6,2.3,4.3,53.7,0.2,0.6,30,0.8,1.1,73.5,2.7,3.7,6.5,0.6,0.5,1.5,1.2,11.3
223,Jamison Battle,TOR,33,12.9,5.6,2,4.3,45.8,1.3,3.2,41.5,0.4,0.4,85.7,0.6,1.3,1.9,0.9,0.1,0.1,0.4,5.9
224,Drew Eubanks,UTA,31,15,5.5,2.3,3.7,61.4,0.1,0.2,60,0.9,1.5,64.4,1,3.5,4.6,1.3,0.3,0.8,0.9,9.6
225,Jamal Shead,TOR,38,16,5.4,2.1,4.9,43,0.8,2.2,36.6,0.4,0.6,68.2,0.3,0.8,1.1,3.4,0.6,0.1,1.4,6.1
226,Seth Curry,CHA,32,13.5,5.4,2,4.2,48.1,0.9,2.1,42.6,0.4,0.5,86.7,0.4,1,1.4,0.5,0.4,0.2,0.3,5.3
227,Kyle Anderson,GSW,33,15.2,5.4,2.1,4.8,44.3,0.6,1.5,37.3,0.5,0.8,66.7,0.8,2.4,3.1,2.3,0.8,0.5,0.5,8.7
228,Monté Morris,PHX,33,13.7,5.3,1.8,4.4,42.1,0.6,1.9,30.6,1,1.2,85,0.3,1.3,1.6,1.8,0.4,0.1,0.5,6
229,Neemias Queta,BOS,33,14.8,5.3,2.3,3.4,67,0,0.1,0,0.7,1,70.6,1.5,2.5,4,0.6,0.3,0.8,0.6,8.9
230,Kevon Looney,GSW,34,15.9,5.1,2.3,4.2,54.5,0,0,0,0.6,1.3,42.2,3,3.8,6.8,1.8,0.8,0.3,0.6,11.5
231,Zach Collins,SAS,31,12.8,5.1,1.8,4.1,44.9,0.4,1.5,28.9,1,1.1,88.6,1.1,1.9,3,1.5,0.4,0.4,0.7,7.4
232,Jonathan Mogbo,TOR,36,16.4,5.1,1.9,4.2,46.4,0.2,0.7,32,1,1.3,72.9,1.8,2.4,4.1,1.6,0.7,0.4,0.9,8.5
233,Matas Buzelis,CHI,40,12.7,4.9,1.8,4.6,38.3,0.8,2.3,32.6,0.6,0.8,80,0.6,2,2.6,0.5,0.3,0.8,0.5,5.5
234,Gary Payton II,GSW,29,13.3,4.7,2.1,3.8,56,0.2,1.1,15.6,0.3,0.6,58.8,1.1,1.8,2.9,1.2,0.7,0.3,0.5,7.4
235,Charles Bassey,SAS,28,10.7,4.7,2,3.5,58.8,0,0,0,0.6,1,62.1,1.6,2.8,4.4,0.4,0.4,1,0.7,8.4
236,Gabe Vincent,LAL,35,19.5,4.7,1.8,4.6,39.1,0.9,3,31.7,0.1,0.3,50,0.3,1,1.3,1.1,0.8,0.2,0.7,4.5
237,Tidjane Salaün,CHA,34,18.4,4.7,1.6,5,31.8,0.9,3.1,28,0.6,0.9,67.7,1,3.1,4.1,1.1,0.6,0.2,0.9,6.1
238,Jett Howard,ORL,37,11.2,4.6,1.6,4.3,38.1,0.9,3.1,30.7,0.4,0.4,87.5,0.4,0.9,1.3,0.6,0.1,0.2,0.5,3.6
239,Daniel Theis,NOP,33,15.9,4.6,1.7,3.5,49.1,0.3,1,26.5,0.9,1.1,82.9,1.1,3.2,4.3,1.4,0.5,0.5,0.6,8.8
240,Julian Phillips,CHI,41,13.7,4.6,1.6,3.8,43.5,0.6,2,31,0.7,0.9,71.1,0.9,1.1,2,0.4,0.5,0.2,0.4,4.9
241,Luke Kornet,BOS,35,16.1,4.5,1.8,2.9,62.4,0,0,0,0.9,1.3,71.7,2.1,2.9,5,1.4,0.4,0.9,0.4,10.5
242,Kris Murray,POR,34,14.4,4.5,1.9,4,47.1,0.4,1.6,28.3,0.3,0.7,40,1.1,1.2,2.4,1,0.4,0.2,0.6,5.2
243,Isaiah Collier,UTA,32,20.4,4.4,1.8,4.9,35.4,0.4,1.9,19.7,0.6,1,58.1,0.3,2.4,2.8,4.6,0.7,0.2,2.4,6.7
244,Oso Ighodaro,PHX,33,16.9,4.1,1.8,3.1,56.9,0,0.1,0,0.5,0.9,58.1,1,2.8,3.8,1,0.5,0.4,0.6,7.4
245,Mason Plumlee,PHX,39,17.9,4.1,1.5,2.7,57.1,0,0,0,1,1.6,61.3,1.7,4.8,6.5,1.9,0.4,0.7,0.9,11
246,Aaron Holiday,HOU,29,10.5,3.8,1.3,3,42,0.8,2,38.6,0.5,0.6,88.2,0.2,0.8,1,1.1,0.3,0.1,0.4,4.1
247,Dalen Terry,CHI,39,12.8,3.6,1.3,2.9,45.1,0.4,1.1,35.7,0.6,0.9,69.4,0.5,0.9,1.4,1.1,0.5,0.2,0.8,4.1
248,DeAndre Jordan,DEN,29,11.9,3.5,1.6,2.4,65.7,0,0,0,0.3,0.9,37,1.2,3.2,4.4,0.9,0.3,0.5,0.7,7.6
249,Andre Jackson Jr.,MIL,38,17.3,3.5,1.4,3.3,42.7,0.5,1.5,35.7,0.2,0.3,53.8,1.1,2,3.1,1.4,0.6,0.3,1.1,5.8
250,Moussa Diabaté,CHA,31,17.8,3.4,1.5,2.5,60.3,0,0,0,0.4,0.8,44,3,3.7,6.7,0.6,0.6,0.7,0.9,9.7
251,Cam Reddish,LAL,29,18.6,3.4,1.2,2.9,42.4,0.4,1.6,28.9,0.4,0.7,61.9,0.5,1.6,2.1,0.8,1,0.3,0.4,5.2
252,Nicolas Batum,LAC,40,17.8,3.3,1.1,2.8,38.1,0.9,2.3,37,0.3,0.3,76.9,0.7,2.2,2.8,1.4,0.6,0.4,0.5,6.2
253,Reed Sheppard,HOU,31,11.5,3.2,1.2,3.9,31.4,0.6,2.3,27.1,0.2,0.2,83.3,0.3,0.9,1.3,1.2,0.5,0.3,0.6,3.2
254,Jabari Walker,POR,28,10,3.2,1.3,2.9,43.9,0.2,0.9,19.2,0.5,0.6,72.2,0.8,2,2.8,0.5,0.4,0.1,0.5,4.7
255,Maxi Kleber,DAL,30,19.2,3,1.1,2.7,40,0.4,1.3,27.5,0.5,0.6,82.4,0.8,2.1,2.9,1.2,0.3,0.5,0.7,5.4
256,Rayan Rupert,POR,29,9,2.9,1.1,2.6,41.9,0.3,1.1,30.3,0.4,0.6,75,0.7,0.6,1.3,0.5,0.3,0.1,0.5,2.9
257,Olivier-Maxence Prosper,DAL,31,7.3,2.5,0.9,2.2,39.1,0.2,0.7,27.3,0.6,1,58.1,0.7,1.2,1.9,0.5,0.3,0.1,0.2,3.4
258,Hunter Tyson,DEN,30,7.8,2.2,0.7,1.7,42,0.3,1,34.5,0.5,0.6,82.4,0.3,1.1,1.5,0.4,0.1,0.1,0.3,3
259,Anthony Gill,WAS,28,6.3,2.1,0.7,1.4,47.5,0.2,0.5,35.7,0.5,0.9,62.5,0.2,0.8,1,0.3,0.2,0,0.2,2.3
260,Jericho Sims,NYK,34,12.1,1.8,0.8,1.3,60,0,0,0,0.2,0.4,61.5,1.4,2.3,3.7,0.6,0.2,0.3,0.6,5.4
261,Alex Len,SAC,30,7.3,1.6,0.7,1.3,53.8,0,0.1,0,0.2,0.4,54.5,0.7,1.2,1.9,0.9,0.2,0.6,0.3,4.1
262,Dwight Powell,DAL,33,7.6,1.5,0.4,0.5,77.8,0,0,100,0.6,0.9,66.7,0.7,1.1,1.8,0.7,0.4,0.5,0.2,4.2